asset,year_month,timestamp_unit,agg_trades_count,raw_trades_count,duration_seconds,first_timestamp_int,last_timestamp_int,agg_trades_per_second,raw_trades_per_second,raw_to_agg_ratio
BNBUSDT,2025-01,us,10970151,25704246,2678398.949312,1735689600767628,1738367999716940,4.095786776954158,9.596869804105411,2.3431077657910087
BNBUSDT,2025-02,us,16532380,45096720,2419199.0706,1738368000290905,1740787199361505,6.833823723278673,18.641177796424703,2.7277814809482965
BNBUSDT,2025-03,us,13871530,36218795,2678397.440439,1740787200404777,1743465597845216,5.179040940886802,13.522561832370776,2.6110165929785683
BNBUSDT,2025-04,us,9388470,23898323,2591995.278154,1743465600575096,1746057595853250,3.6221015057891615,9.220048817766449,2.5454970831243005
BNBUSDT,2025-05,us,8921262,25658640,2678399.652529,1746057600008463,1748735999660992,3.3308180844394757,9.579839952477812,2.8761222347241904
BNBUSDT,2025-06,us,5908737,16535318,2591997.505262,1748736000276713,1751327997781975,2.2796075181417828,6.3793726523392635,2.798452190375033
BNBUSDT,2025-07,us,10674290,29935603,2678398.982144,1751328000185834,1754006399167978,3.9853248418782865,11.17667800785871,2.8044584698373383
BNBUSDT,2025-08,us,11623869,33679238,2678399.8178,1754006400075408,1756684799893208,4.339855805974361,12.574387802812671,2.8974206436772474
BNBUSDT,2025-09,us,12158740,33071832,2591996.219266,1756684800499082,1759276796718348,4.690878755773457,12.75921305524329,2.720004868925563
BNBUSDT,2025-10,us,32666009,95648721,2678399.819831,1759276800138612,1761955199958443,12.1960913968629,35.711143755242325,2.9280810214679116
BNBUSDT,2025-11,us,17266755,55640541,2591999.550788,1761955200256728,1764547199807516,6.66155786745823,21.46626182210741,3.2224086691448393
BNBUSDT,2025-12,us,12350580,35427304,2678399.486962,1764547200424343,1767225599911305,4.611179198667172,13.22704255748785,2.868472897629099
BNBUSDT,2026-01,us,9400687,26334493,2678399.032095,1767225600389785,1769903999421880,3.50981570981488,9.832176865521635,2.8013370724926805
BNBUSDT,2026-02,us,12973782,36488499,2419196.400096,1769904000002674,1772323196402770,5.362847761961437,15.082900668400482,2.81247973798234
BNBUSDT,2026-03,us,8571739,29708725,2678395.57033,1772323201627402,1775001597197732,3.200326006715988,11.09198556370807,3.4658923935971453
BTCUSDT,2025-01,us,50938081,135946515,2678399.912234,1735689600010866,1738367999923100,19.018101354966653,50.75661568649385,2.6688581966800045
BTCUSDT,2025-02,us,48342373,128881324,2419199.637173,1738368000182381,1740787199819554,19.982796069071576,53.274364802156896,2.66601153402213
BTCUSDT,2025-03,us,55880780,136245963,2678399.78584,1740787200184756,1743465599970596,20.863494798434157,50.86841916591273,2.438154281311034
BTCUSDT,2025-04,us,39896727,104290701,2591999.158432,1743465600003164,1746057599161596,15.392260784581069,40.235623017366045,2.6140164580417835
BTCUSDT,2025-05,us,33262422,108937329,2678399.492812,1746057600079126,1748735999571938,12.418768032650132,40.672546904356224,3.275087093778078
BTCUSDT,2025-06,us,28094261,81239595,2591999.527395,1748736000286958,1751327999814353,10.838837238614456,31.34244205732825,2.891679371811916
BTCUSDT,2025-07,us,25275303,67500741,2678399.958687,1751328000015562,1754006399974249,9.436717215449184,25.201889949658632,2.670620447161405
BTCUSDT,2025-08,us,24302731,82402173,2678399.23765,1754006400328945,1756684799566595,9.07360286636094,30.765455665339427,3.3906548609701517
BTCUSDT,2025-09,us,20100668,64657874,2591999.320331,1756684800178247,1759276799498578,7.754889379150429,24.9451739793447,3.2167027483862727
BTCUSDT,2025-10,us,40278525,145191072,2678399.418239,1759276800181160,1761955199599399,15.038281716205876,54.20814797497998,3.6046769835787185
BTCUSDT,2025-11,us,41439366,169048376,2591999.37947,1761955200098001,1764547199477471,15.9874135496411,65.21929647782795,4.079415114603829
BTCUSDT,2025-12,us,33782084,139426812,2678399.260014,1764547200180386,1767225599440400,12.612788729572536,52.0560224465083,4.127241291567447
BTCUSDT,2026-01,us,30712691,124606754,2678399.726265,1767225600039409,1769903999765674,11.466806354116724,46.52283704261081,4.057174736007339
BTCUSDT,2026-02,us,52474665,185167163,2419199.990172,1769904000006539,1772323199996711,21.69091650677014,76.54065961980886,3.5286964290291323
BTCUSDT,2026-03,us,38348867,139526257,2678399.612733,1772323200005709,1775001599618442,14.317828757774263,52.093144106166235,3.6383410492935817
DOGEUSDT,2025-01,us,23658617,78417906,2678395.233351,1735689600912134,1738367996145485,8.833131386065146,29.277944129959344,3.314560018449092
DOGEUSDT,2025-02,us,15326403,54304554,2419198.473189,1738368000566213,1740787199039402,6.33532269876008,22.44733311542457,3.5432027984648453
DOGEUSDT,2025-03,us,10706682,37728949,2678395.93432,1740787200441915,1743465596376235,3.99742318258792,14.086397203846843,3.5238693929641323
DOGEUSDT,2025-04,us,7576604,28834123,2591999.835935,1743465600098514,1746057599934449,2.9230727158850023,11.12427655289523,3.805679035092767
DOGEUSDT,2025-05,us,11458587,40863225,2678396.233648,1746057600707107,1748735996940755,4.278152297277278,15.256601874900309,3.566166142474635
DOGEUSDT,2025-06,us,5824785,22910901,2591998.623834,1748736000302707,1751327998926541,2.2472176282964873,8.839086868846767,3.933347067745848
DOGEUSDT,2025-07,us,12952522,53915325,2678396.790297,1751328001868468,1754006398658765,4.835923507272322,20.129700422028012,4.162534910189692
DOGEUSDT,2025-08,us,11170073,40877657,2678397.500339,1754006400560671,1756684798061010,4.170431386150198,15.26198295616173,3.659569368973685
DOGEUSDT,2025-09,us,9390342,40089625,2591998.189103,1756684800483558,1759276798672661,3.6228196607072745,15.466687117506677,4.269240140561441
DOGEUSDT,2025-10,us,11749230,52421908,2678395.84207,1759276801007470,1761955196849540,4.38666675606829,19.57212865126228,4.461731364523462
DOGEUSDT,2025-11,us,6758804,48541903,2591997.148331,1761955202431011,1764547199579342,2.607566140399509,18.72760663770652,7.182025547715247
DOGEUSDT,2025-12,us,3719379,26961617,2678398.922629,1764547200175290,1767225599097919,1.3886575926297111,10.066318639919272,7.248956613456171
DOGEUSDT,2026-01,us,5141718,35244445,2678399.155447,1767225600293938,1769903999449385,1.91969818596433,13.158772443727877,6.854604822746016
DOGEUSDT,2026-02,us,5142195,36679511,2419198.286925,1769904000009013,1772323198295938,2.1255781420613324,15.16184564045086,7.1330455184993955
DOGEUSDT,2026-03,us,4140164,24285956,2678399.274784,1772323200003065,1775001599277849,1.5457605738539053,9.067339671363428,5.865940576267027
ETHUSDT,2025-01,us,36609439,94365385,2678399.099064,1735689600080005,1738367999179069,13.668403268502304,35.23201043226798,2.577624448164858
ETHUSDT,2025-02,us,44044058,106089611,2419199.707261,1738368000273410,1740787199980671,18.206044696436557,43.853184456654006,2.4087156319701513
ETHUSDT,2025-03,us,36341963,79281637,2678399.286841,1740787200319320,1743465599606161,13.56853818567993,29.600380118644523,2.1815452566500055
ETHUSDT,2025-04,us,33961793,81919416,2591998.186468,1743465601430409,1746057599616877,13.102552763078208,31.60473507569383,2.4121051559321383
ETHUSDT,2025-05,us,42605031,114381516,2678398.958551,1746057600484069,1748735999442620,15.906902466482853,42.70518237577266,2.684695053971443
ETHUSDT,2025-06,us,32103562,92440826,2591998.554914,1748736000418680,1751327998973594,12.385640392868646,35.66391880302074,2.879456989850534
ETHUSDT,2025-07,us,39623095,95896250,2678398.073631,1751328000345232,1754006398418863,14.79357956163869,35.80358384517399,2.4202109905851623
ETHUSDT,2025-08,us,50594678,129039399,2678399.605949,1754006400216610,1756684799822559,18.889891518660633,48.177799426713726,2.5504540022964473
ETHUSDT,2025-09,us,28454468,99519717,2591999.004838,1756684800316508,1759276799321346,10.977808227120985,38.3949672875048,3.497507561905568
ETHUSDT,2025-10,us,50227413,182480027,2678399.560291,1759276800336276,1761955199896567,18.752770775747493,68.13024826668284,3.633076364096236
ETHUSDT,2025-11,us,46950743,166293679,2591999.084333,1761955200143555,1764547199227888,18.113718976132223,64.15653462423673,3.541875343697969
ETHUSDT,2025-12,us,32102715,150548246,2678399.558981,1764547200089753,1767225599648734,11.985782663514742,56.20828509144328,4.6895798688677885
ETHUSDT,2026-01,us,28926906,142820157,2678398.180908,1767225601317428,1769903999498336,10.800076779544977,53.32297416345419,4.937277322365551
ETHUSDT,2026-02,us,46252798,187462845,2419198.251038,1769904000015509,1772323198266547,19.119060614463663,77.48965795571559,4.053005506823609
ETHUSDT,2026-03,us,33102610,154204757,2678398.999836,1772323200002784,1775001599002620,12.359103330768452,57.573482147149114,4.658386664978985
SOLUSDT,2025-01,us,25165142,110659934,2678398.848613,1735689600707766,1738367999556379,9.39559170324154,41.315703991324845,4.397349873885075
SOLUSDT,2025-02,us,16205252,84217132,2419199.62884,1738368000313946,1740787199942786,6.69860056475388,34.81198120073369,5.196903571755626
SOLUSDT,2025-03,us,13330559,66841710,2678398.174724,1740787200236730,1743465598411454,4.977063950311894,24.95585258039082,5.014171573750208
SOLUSDT,2025-04,us,10670171,63782520,2591997.519244,1743465600108253,1746057597627497,4.116582257807151,24.607477255072087,5.977647406025639
SOLUSDT,2025-05,us,10291957,69338920,2678399.780109,1746057600071086,1748735999851195,3.842576853699248,25.88818910266569,6.737194879457814
SOLUSDT,2025-06,us,7957836,58304784,2591999.40455,1748736000419087,1751327999823637,3.070153483072103,22.494134797119045,7.326713443202398
SOLUSDT,2025-07,us,10952174,68301166,2678399.700996,1751328000049881,1754006399750877,4.089073783844616,25.500736867093163,6.236311256559657
SOLUSDT,2025-08,us,14418380,88180987,2678399.398678,1754006400598640,1756684799997318,5.383207600448462,32.92301627737977,6.115873419898768
SOLUSDT,2025-09,us,12559195,63117720,2591999.061966,1756684800006980,1759276799068946,4.845370194877309,24.35098103474079,5.02561828206346
SOLUSDT,2025-10,us,15698476,88165003,2678399.045147,1759276800335910,1761955199381057,5.861141575764866,32.91705287893769,5.616150446705782
SOLUSDT,2025-11,us,11697605,78031726,2591999.346505,1761955200459026,1764547199805531,4.512966029784235,30.104840151760232,6.670743797555141
SOLUSDT,2025-12,us,9098887,48723943,2678398.941137,1764547200037197,1767225598978334,3.397136572992168,18.19144349695581,5.354934400218401
SOLUSDT,2026-01,us,8257608,39160130,2678398.866506,1767225600629785,1769903999496291,3.083038939145064,14.620723780056258,4.742309152965363
SOLUSDT,2026-02,us,8564358,46045368,2419198.986724,1769904000004197,1772323198990921,3.540162693105941,19.033311543484537,5.376394587895555
SOLUSDT,2026-03,us,6495127,35021397,2678398.654386,1772323200004999,1775001598659385,2.4250038318097022,13.075498280530743,5.391949533858229
