asset,month,timestamp_unit,start_time,end_time,duration_seconds,input_rows,retained_rows,zero_delta_count,zero_delta_ratio,duplicate_timestamp_count,bit_count,bits_per_second,p0,p1,shannon_entropy,shannon_bias,lag1_autocorrelation,monobit_z,monobit_pvalue,runs_count,runs_z,runs_pvalue,longest_run_0,longest_run_1,approximate_entropy,approximate_entropy_pvalue,predictability_k,predictability_pvalue,predictability_k2_pvalue
BNBUSDT,2025-01,us,2025-01-01T00:00:00.767628+00:00,2025-01-31T23:59:59.716940+00:00,2678398.949312,10970151,6192729,4777421,0.4354927293161234,2756825,6192729,2.3121010414041288,0.5008346078118386,0.4991653921881613,0.9999979901223215,2.0098776785104633e-06,0.30704982451605534,4.153875527980236,3.268910393634041e-05,2145621,-764.0997963805781,0.0,589,811,0.42760014669933355,0.0,11,0.0,0.0
BNBUSDT,2025-02,us,2025-02-01T00:00:00.290905+00:00,2025-02-28T23:59:59.361505+00:00,2419199.0706,16532380,10660410,5871969,0.35517989545364914,5538028,10660410,4.40658651433594,0.49972552650414004,0.50027447349586,0.9999997826271076,2.173728923526852e-07,0.5606807007789179,1.7923274799947828,0.07308052388489435,2341662,-1830.6385929123192,0.0,719,457,0.4143650786077959,0.0,11,0.0,0.0
BNBUSDT,2025-03,us,2025-03-01T00:00:00.404777+00:00,2025-03-31T23:59:57.845216+00:00,2678397.440439,13871530,8176825,5694704,0.410531787048725,3666822,8176825,3.0528796348684484,0.49841436009698137,0.5015856399030186,0.9999927453845678,7.254615432161771e-06,0.42960458699580867,9.06832160051408,1.2086436553700283e-19,2331989,-1228.4609561496538,0.0,431,347,0.42879252552183367,0.0,11,0.0,0.0
BNBUSDT,2025-04,us,2025-04-01T00:00:00.575096+00:00,2025-04-30T23:59:55.853250+00:00,2591995.278154,9388470,5280496,4107973,0.43755510748822757,1940860,5280496,2.0372321062871417,0.5003889786111002,0.49961102138889985,0.9999995634278565,4.365721435473091e-07,0.23115570492654738,1.7876935612120417,0.07382546111947932,2029939,-531.1807032002185,0.0,441,289,0.4264188798773314,0.0,11,0.0,0.0
BNBUSDT,2025-05,us,2025-05-01T00:00:00.008463+00:00,2025-05-31T23:59:59.660992+00:00,2678399.652529,8921262,5029905,3891356,0.4361889607098189,2126303,5029905,1.8779516325170744,0.5026116795446435,0.4973883204553565,0.9999803190397316,1.9680960268386727e-05,0.2814835821104555,11.714662323466122,1.0721757050657873e-31,1806986,-631.2962710357809,0.0,867,481,0.4330575012766049,0.0,11,0.0,0.0
BNBUSDT,2025-06,us,2025-06-01T00:00:00.276713+00:00,2025-06-30T23:59:57.781975+00:00,2591997.505262,5908737,3026228,2882508,0.4878382639132525,1103177,3026228,1.1675273582850567,0.5021482188387656,0.4978517811612344,0.9999866843334096,1.3315666590352215e-05,0.15401281569744157,7.474107484058624,7.772959012312678e-14,1280052,-267.922103033545,0.0,240,284,0.43996888154364067,0.0,10,0.0,0.0
BNBUSDT,2025-07,us,2025-07-01T00:00:00.185834+00:00,2025-07-31T23:59:59.167978+00:00,2678398.982144,10674290,5910572,4763717,0.4462795183567244,2533898,5910572,2.206755617592386,0.4993555615260249,0.5006444384739751,0.9999988016944354,1.1983055645536922e-06,0.3344425547233616,3.1334748426443033,0.0017274972638943848,1966910,-813.0859774464358,0.0,1016,635,0.41109484577634436,0.0,11,0.0,0.0
BNBUSDT,2025-08,us,2025-08-01T00:00:00.075408+00:00,2025-08-31T23:59:59.893208+00:00,2678399.8178,11623869,6662897,4960971,0.426791716252136,3100399,6662897,2.4876409248985127,0.5018887429897235,0.4981112570102765,0.9999897067789776,1.0293221022417143e-05,0.42508893130086256,9.75066893175558,1.8325670536566518e-22,1915260,-1097.2648503893708,0.0,571,644,0.41097706609004003,0.0,11,0.0,0.0
BNBUSDT,2025-09,us,2025-09-01T00:00:00.499082+00:00,2025-09-30T23:59:56.718348+00:00,2591996.219266,12158740,6670992,5487747,0.45134175087221207,3204989,6670992,2.5736889392103692,0.4977733446539885,0.5022266553460115,0.9999856942059151,1.430579408490118e-05,0.3205123653267736,11.50212823953114,1.2870225791541623e-30,2266384,-827.8281106438797,0.0,556,608,0.38530861375775327,0.0,11,0.0,0.0
BNBUSDT,2025-10,us,2025-10-01T00:00:00.138612+00:00,2025-10-31T23:59:59.958443+00:00,2678399.819831,32666009,21427750,11238258,0.344035232464425,12505493,21427750,8.000205884628544,0.494667988939576,0.505332011060424,0.9999179658184392,8.203418156083053e-05,0.6015579181474043,49.36388395118931,0.0,4268374,-2784.6188366928754,0.0,2069,1980,0.35892909267453277,0.0,12,0.0,0.0
BNBUSDT,2025-11,us,2025-11-01T00:00:00.256728+00:00,2025-11-30T23:59:59.807516+00:00,2591999.550788,17266755,11406421,5860333,0.3393997887848643,5806650,11406421,4.400626148462219,0.4972020583844836,0.5027979416155164,0.9999774116714009,2.2588328599137952e-05,0.6247343126524968,18.899196563705836,1.1580248341572542e-79,2140153,-2109.9399744086973,0.0,615,453,0.34254290239240603,0.0,11,0.0,0.0
BNBUSDT,2025-12,us,2025-12-01T00:00:00.424343+00:00,2025-12-31T23:59:59.911305+00:00,2678399.486962,12350580,7413488,4937091,0.3997456799599695,2854472,7413488,2.7678798611213966,0.4980252210565391,0.5019747789434609,0.9999887476653626,1.1252334637390504e-05,0.2057972381523387,10.753746088181078,5.690264033423276e-27,2943861,-560.3393135508862,0.0,371,449,0.3588948931260938,0.0,11,0.0,0.0
BNBUSDT,2026-01,us,2026-01-01T00:00:00.389785+00:00,2026-01-31T23:59:59.421880+00:00,2678399.032095,9400687,5244126,4156560,0.4421549191032528,2492663,5244126,1.957933055216993,0.49877577312215615,0.5012242268778438,0.9999956755708227,4.3244291773048005e-06,0.3659537228340333,5.6069730000269535,2.0589576533912026e-08,1662500,-838.0364595358451,0.0,284,361,0.36145863630985264,0.0,11,0.0,0.0
BNBUSDT,2026-02,us,2026-02-01T00:00:00.002674+00:00,2026-02-28T23:59:56.402770+00:00,2419196.400096,12973782,7966386,5007395,0.3859626283222579,4052220,7966386,3.292988531102259,0.4941189141475193,0.5058810858524807,0.9999002002191356,9.979978086438468e-05,0.6349385136987828,33.19847907808859,1.132355717163416e-241,1453910,-1792.100671263319,0.0,524,452,0.37224870252021436,0.0,11,0.0,0.0
BNBUSDT,2026-03,us,2026-03-01T00:00:01.627402+00:00,2026-03-31T23:59:57.197732+00:00,2678395.57033,8571739,4662813,3908925,0.4560247343042059,2202311,4662813,1.7408978164586435,0.4966836542662123,0.5033163457337877,0.9999682658172018,3.1734182798226485e-05,0.45164409875760747,14.322333923551243,1.5870252335563705e-46,1278385,-975.260191803835,0.0,323,239,0.40558680399582103,0.0,11,0.0,0.0
BTCUSDT,2025-01,us,2025-01-01T00:00:00.010866+00:00,2025-01-31T23:59:59.923100+00:00,2678399.912234,50938081,37168223,13769857,0.2703253976136243,26269677,37168223,13.877025170971846,0.5043286573049242,0.49567134269507584,0.9999459349798918,5.4065020108184925e-05,0.6671608557429676,52.779965168737654,0.0,6185057,-4067.396100250766,0.0,1782,1434,0.20979241187214592,0.0,12,0.0,0.0
BTCUSDT,2025-02,us,2025-02-01T00:00:00.182381+00:00,2025-02-28T23:59:59.819554+00:00,2419199.637173,48342373,34861619,13480753,0.27885997652618333,25579252,34861619,14.410393612962917,0.5077113314788966,0.49228866852110337,0.9998284145346579,0.00017158546534212782,0.6919056149401782,91.06115276683103,0.0,5369058,-4085.268852990267,0.0,1102,1831,0.19866264958524704,0.0,12,0.0,0.0
BTCUSDT,2025-03,us,2025-03-01T00:00:00.184756+00:00,2025-03-31T23:59:59.970596+00:00,2678399.78584,55880780,39849441,16031338,0.28688464978477396,29625601,39849441,14.878078026541663,0.503562195514863,0.49643780448513697,0.9999633862920065,3.661370799346031e-05,0.7242154516650244,44.973725512929576,0.0,5494652,-4571.712518240348,0.0,983,5110,0.20749272362549553,0.0,12,0.0,0.0
BTCUSDT,2025-04,us,2025-04-01T00:00:00.003164+00:00,2025-04-30T23:59:59.161596+00:00,2591999.158432,39896727,27988900,11907826,0.2984662375938758,19922546,27988900,10.798190234340803,0.5041334957786837,0.4958665042213163,0.9999507002770753,4.929972292466722e-05,0.655719913956413,43.73613579764329,0.0,4817682,-3469.0559502047413,0.0,1321,3510,0.21758677722892505,0.0,12,0.0,0.0
BTCUSDT,2025-05,us,2025-05-01T00:00:00.079126+00:00,2025-05-31T23:59:59.571938+00:00,2678399.492812,33262422,22598223,10664198,0.32060798218482106,16055439,22598223,8.437211499123515,0.5043216008621563,0.49567839913784373,0.9999461111086447,5.388889135526931e-05,0.5539129103272283,41.08769650387395,0.0,5040012,-2633.1685398442396,0.0,1844,923,0.20015846147418226,0.0,12,0.0,0.0
BTCUSDT,2025-06,us,2025-06-01T00:00:00.286958+00:00,2025-06-30T23:59:59.814353+00:00,2591999.527395,28094261,20260687,7833573,0.278831787032946,15071381,20260687,7.816624496209807,0.5131066878433095,0.48689331215669046,0.9995042757154569,0.000495724284543142,0.6014421869914012,117.99131341136557,0.0,4034754,-2707.2040820055245,0.0,1257,1105,0.16663389233322845,0.0,12,0.0,0.0
BTCUSDT,2025-07,us,2025-07-01T00:00:00.015562+00:00,2025-07-31T23:59:59.974249+00:00,2678399.958687,25275303,15536253,9739049,0.38531878331982805,9819023,15536253,5.800572446101795,0.5061510005018585,0.49384899949814154,0.9998908290688966,0.00010917093110340836,0.375840611271223,48.48963338526497,0.0,4847816,-1481.4155828518658,0.0,2396,1081,0.2053130056098087,0.0,11,0.0,0.0
BTCUSDT,2025-08,us,2025-08-01T00:00:00.328945+00:00,2025-08-31T23:59:59.566595+00:00,2678399.23765,24302731,14921758,9380972,0.3860048485908847,9548413,14921758,5.571147792400134,0.5143816164288417,0.48561838357115833,0.9994031298815171,0.0005968701184828618,0.4271346133324801,111.10860459951783,0.0,4270544,-1649.9653207908727,0.0,1045,735,0.22961517390617425,0.0,11,0.0,0.0
BTCUSDT,2025-09,us,2025-09-01T00:00:00.178247+00:00,2025-09-30T23:59:59.498578+00:00,2591999.320331,20100668,12799495,7301172,0.36323031652480403,8264279,12799495,4.938078069544207,0.512361933029389,0.48763806697061096,0.9995590172907376,0.00044098270926240524,0.4371468354304393,88.45304735224505,0.0,3599917,-1563.953422842077,0.0,965,471,0.2050408154850183,0.0,11,0.0,0.0
BTCUSDT,2025-10,us,2025-10-01T00:00:00.181160+00:00,2025-10-31T23:59:59.599399+00:00,2678399.418239,40278525,28592121,11686403,0.29013979533758993,21072626,28592121,10.675077363479572,0.509907642038868,0.49009235796113204,0.9997167476163722,0.0002832523836278078,0.6215834880888165,105.95549614043702,0.0,5407742,-3323.70654747464,0.0,12039,7780,0.22506505857346815,0.0,12,0.0,0.0
BTCUSDT,2025-11,us,2025-11-01T00:00:00.098001+00:00,2025-11-30T23:59:59.477471+00:00,2591999.37947,41439366,28621901,12817464,0.3093064696018757,20822140,28621901,11.042402720733858,0.5096209717167284,0.4903790282832716,0.9997329028749806,0.00026709712501937766,0.6454921293696249,102.94332017418819,0.0,5071467,-3453.3468805814646,0.0,1775,2210,0.23932633188409058,0.0,12,0.0,0.0
BTCUSDT,2025-12,us,2025-12-01T00:00:00.180386+00:00,2025-12-31T23:59:59.440400+00:00,2678399.260014,33782084,23694034,10088049,0.2986212751113874,17666307,23694034,8.846341303079718,0.5082907368158583,0.49170926318414165,0.9998016598234496,0.00019834017655040448,0.6355754182137274,80.71283989165626,0.0,4316158,-3093.759965733718,0.0,1404,1045,0.20567497171022175,0.0,12,0.0,0.0
BTCUSDT,2026-01,us,2026-01-01T00:00:00.039409+00:00,2026-01-31T23:59:59.765674+00:00,2678399.726265,30712691,20810647,9902043,0.32240883744117377,15060788,20810647,7.769806274965621,0.5104708661869091,0.489529133813091,0.999683625478115,0.00031637452188504334,0.5741539902163627,95.53343565247734,0.0,4429123,-2619.2153379390675,0.0,1324,1592,0.21133318133136125,0.0,12,0.0,0.0
BTCUSDT,2026-02,us,2026-02-01T00:00:00.006539+00:00,2026-02-28T23:59:59.996711+00:00,2419199.990172,52474665,37546491,14928173,0.28448343595904807,28212685,37546491,15.52020963646355,0.5259129275223082,0.4740870724776917,0.9980616505552657,0.0019383494447342553,0.7133483872702481,317.5639195317431,0.0,5366928,-4371.056013021293,0.0,2681,1204,0.2248821452235299,0.0,12,0.0,0.0
BTCUSDT,2026-03,us,2026-03-01T00:00:00.005709+00:00,2026-03-31T23:59:59.618442+00:00,2678399.612733,38348867,29581709,8767157,0.22861580239124143,22816726,29581709,11.044546474458027,0.5177308383366221,0.48226916166337785,0.9990926932661268,0.0009073067338731811,0.7482789032145055,192.8727603336891,0.0,3718489,-4069.8194523300094,0.0,1479,1109,0.19272365698387395,0.0,12,0.0,0.0
DOGEUSDT,2025-01,us,2025-01-01T00:00:00.912134+00:00,2025-01-31T23:59:56.145485+00:00,2678395.233351,23658617,14606509,9052107,0.38261353146720284,5746133,14606509,5.45345541917108,0.5001137506573268,0.4998862493426732,0.9999999626653255,3.733467446309646e-08,0.5314418508364173,0.869475053462717,0.3845873471487852,3422000,-2031.0892536199117,0.0,528,488,0.4786702473771425,0.0,11,0.0,0.0
DOGEUSDT,2025-02,us,2025-02-01T00:00:00.566213+00:00,2025-02-28T23:59:59.039402+00:00,2419198.473189,15326403,9262379,6064023,0.3956585899509493,2675966,9262379,3.8286974395243742,0.5013700044016769,0.49862999559832305,0.9999945843697795,5.415630220495515e-06,0.5670183068559647,8.338985754893566,7.493043787212211e-17,2005206,-1725.6726412409985,0.0,227,360,0.48835179758898395,0.0,11,0.0,0.0
DOGEUSDT,2025-03,us,2025-03-01T00:00:00.441915+00:00,2025-03-31T23:59:56.376235+00:00,2678395.93432,10706682,5879243,4827438,0.4508808611295264,1132034,5879243,2.1950612023657516,0.500973849864685,0.49902615013531504,0.9999972635417552,2.736458244778639e-06,0.5064181725580696,4.722616817085096,2.3282927382616933e-06,1450939,-1227.92006568526,0.0,107,133,0.5308424509508156,0.0,11,0.0,0.0
DOGEUSDT,2025-04,us,2025-04-01T00:00:00.098514+00:00,2025-04-30T23:59:59.934449+00:00,2591999.835935,7576604,3956045,3620558,0.4778602656282419,714843,3956045,1.526252025619035,0.5002182735535112,0.4997817264464888,0.999999862530363,1.374696370071149e-07,0.4470970453411428,0.868283855560782,0.3852389580455619,1093655,-889.267871452793,0.0,86,75,0.5639613092566806,0.0,10,0.0,0.0
DOGEUSDT,2025-05,us,2025-05-01T00:00:00.707107+00:00,2025-05-31T23:59:56.940755+00:00,2678396.233648,11458587,6673939,4784647,0.4175599487092082,1725783,6673939,2.4917668700982434,0.5010525268510845,0.4989474731489155,0.9999968035256537,3.196474346323086e-06,0.5393290099819441,5.438188987316654,5.38248655330824e-08,1537239,-1393.301119251315,0.0,157,179,0.51447058758629,0.0,11,0.0,0.0
DOGEUSDT,2025-06,us,2025-06-01T00:00:00.302707+00:00,2025-06-30T23:59:58.926541+00:00,2591998.623834,5824785,3056357,2768427,0.47528398043876297,570211,3056357,1.1791507032049022,0.5010887144400997,0.4989112855599002,0.9999965799469379,3.420053062086481e-06,0.46372288729431943,3.806676923213721,0.0001408465446315704,819524,-810.701183677222,0.0,117,84,0.5573716980287351,0.0,10,0.0,0.0
DOGEUSDT,2025-07,us,2025-07-01T00:00:01.868468+00:00,2025-07-31T23:59:58.658765+00:00,2678396.790297,12952522,7406592,5545929,0.42817367922633137,2222101,7406592,2.7653079733487522,0.5006939763929213,0.49930602360707865,0.9999986103863593,1.3896136407121062e-06,0.5286526925470528,3.777321092846437,0.00015852430200258928,1745536,-1438.7314625588535,0.0,158,227,0.5128893449338388,0.0,11,0.0,0.0
DOGEUSDT,2025-08,us,2025-08-01T00:00:00.560671+00:00,2025-08-31T23:59:58.061010+00:00,2678397.500339,11170073,6363086,4806986,0.4303450836892472,1357294,6363086,2.375706368899551,0.5013188569194256,0.49868114308057443,0.9999949811940676,5.0188059323996725e-06,0.38219160234684363,6.6536748546406805,2.8586383017027566e-11,1965571,-964.084677868761,0.0,198,121,0.5506922637307285,0.0,11,0.0,0.0
DOGEUSDT,2025-09,us,2025-09-01T00:00:00.483558+00:00,2025-09-30T23:59:58.672661+00:00,2591998.189103,9390342,5240068,4150273,0.441972507497597,1541293,5240068,2.021632585250148,0.5006202209589646,0.49937977904103537,0.9999988900650616,1.1099349384036117e-06,0.4771993916728859,2.839519759843293,0.004518149673476301,1369754,-1092.3667565955302,0.0,113,385,0.5281722072713659,0.0,11,0.0,0.0
DOGEUSDT,2025-10,us,2025-10-01T00:00:01.007470+00:00,2025-10-31T23:59:56.849540+00:00,2678395.84207,11749230,6857627,4891602,0.4163338363450201,2249278,6857627,2.5603485833894064,0.49784014207830196,0.502159857921698,0.9999865396531042,1.3460346895755038e-05,0.4941472856584171,11.312070651694098,1.1435839077765363e-29,1734443,-1294.027302997048,0.0,829,5071,0.5271276807352159,0.0,11,0.0,0.0
DOGEUSDT,2025-11,us,2025-11-01T00:00:02.431011+00:00,2025-11-30T23:59:59.579342+00:00,2591997.148331,6758804,3672996,3085807,0.4565611016386923,714526,3672996,1.4170524849400628,0.5005652061695685,0.4994347938304316,0.9999990782388182,9.217611818268523e-07,0.5002213872607456,2.166442252195029,0.03027740818580753,917842,-958.6777794282375,0.0,71,143,0.5410033754077159,0.0,10,0.0,0.0
DOGEUSDT,2025-12,us,2025-12-01T00:00:00.175290+00:00,2025-12-31T23:59:59.097919+00:00,2678398.922629,3719379,1913525,1805853,0.48552540625733487,300864,1913525,0.7144286774584597,0.5007423472387348,0.4992576527612652,0.9999984099203147,1.5900796852541532e-06,0.3059084037143492,2.053781149609449,0.03999687820095131,664080,-423.1643827906425,0.0,55,54,0.5961239115466812,0.0,10,0.0,0.0
DOGEUSDT,2026-01,us,2026-01-01T00:00:00.293938+00:00,2026-01-31T23:59:59.449385+00:00,2678399.155447,5141718,2425175,2716542,0.5283335258759815,497047,2425175,0.9054569013987239,0.50072097889843,0.49927902110156996,0.9999985001432115,1.4998567885449177e-06,0.3012627030396387,2.2455570390483275,0.024732394861530345,847279,-469.15615229352267,0.0,65,122,0.6109741175513776,0.0,10,0.0,0.0
DOGEUSDT,2026-02,us,2026-02-01T00:00:00.009013+00:00,2026-02-28T23:59:58.295938+00:00,2419198.286925,5142195,2520559,2621635,0.5098280014662999,356059,2520559,1.0418984725736713,0.5002711700063359,0.4997288299936641,0.9999997878281035,2.121718964964714e-07,0.32798352686573945,0.8610335634122168,0.38921955786788004,846929,-520.7159781955888,0.0,56,134,0.6212864331881032,0.0,10,0.0,0.0
DOGEUSDT,2026-03,us,2026-03-01T00:00:00.003065+00:00,2026-03-31T23:59:59.277849+00:00,2678399.274784,4140164,1819158,2321005,0.5606070194320805,224896,1819158,0.6791959724327159,0.500173706736853,0.49982629326314704,0.9999999129361501,8.706384990730953e-08,0.1718932547331282,0.46857797150759367,0.6393713259927658,753229,-231.84370873539612,0.0,37,41,0.6523018414781321,0.0,10,0.0,0.0
ETHUSDT,2025-01,us,2025-01-01T00:00:00.080005+00:00,2025-01-31T23:59:59.179069+00:00,2678399.099064,36609439,25600874,11008564,0.30070288703413345,16861568,25600874,9.55827457115952,0.4607311453507408,0.5392688546492592,0.9955460191506171,0.004453980849382866,0.6975122696060324,397.37965297397574,0.0,3848093,-3529.2243128613345,0.0,1065,878,0.2756926350680857,0.0,12,0.0,0.0
ETHUSDT,2025-02,us,2025-02-01T00:00:00.273410+00:00,2025-02-28T23:59:59.980671+00:00,2419199.707261,44044058,32153492,11890565,0.2699697879791185,21701302,32153492,13.290962256441386,0.4623267046702112,0.5376732953297888,0.9959009480867969,0.0040990519132031444,0.7401766475861774,427.24567866857285,0.0,4153401,-4197.101412370767,0.0,599,947,0.28269114148376073,0.0,12,0.0,0.0
ETHUSDT,2025-03,us,2025-03-01T00:00:00.319320+00:00,2025-03-31T23:59:59.606161+00:00,2678399.286841,36341963,25283118,11058844,0.3042995778736553,15893375,25283118,9.439637370057627,0.4476166665836073,0.5523833334163927,0.9920679024407261,0.007932097559273932,0.7107002593974753,526.7911166424063,0.0,3617059,-3573.5659730058596,0.0,462,664,0.30044559095732337,0.0,12,0.0,0.0
ETHUSDT,2025-04,us,2025-04-01T00:00:01.430409+00:00,2025-04-30T23:59:59.616877+00:00,2591998.186468,33961793,24448934,9512858,0.28010470471921195,15861509,24448934,9.432465704505553,0.491125870763936,0.508874129236064,0.9997727631105746,0.00022723688942538622,0.7136908592155357,87.75779626777695,0.0,3498875,-3528.906200358048,0.0,532,865,0.29663353705938755,0.0,12,0.0,0.0
ETHUSDT,2025-05,us,2025-05-01T00:00:00.484069+00:00,2025-05-31T23:59:59.442620+00:00,2678398.958551,42605031,31234221,11370809,0.2668888798602212,22239913,31234221,11.66152671180008,0.5019918697508096,0.49800813024919044,0.9999885520544272,1.1447945572840013e-05,0.7291606368575785,22.264157797836408,8.225361420105327e-110,4229662,-4075.1027835229957,0.0,508,533,0.2714323580624731,0.0,12,0.0,0.0
ETHUSDT,2025-06,us,2025-06-01T00:00:00.418680+00:00,2025-06-30T23:59:58.973594+00:00,2591998.554914,32103562,23328316,8775245,0.27334178680857907,16830818,23328316,9.000126931310735,0.503832767011558,0.496167232988442,0.9999576129074854,4.238709251458417e-05,0.7411876179101806,37.024065905160725,4.696005033820234e-300,3018652,-3579.8915157094084,0.0,762,820,0.24956048558243893,0.0,12,0.0,0.0
ETHUSDT,2025-07,us,2025-07-01T00:00:00.345232+00:00,2025-07-31T23:59:58.418863+00:00,2678398.073631,39623095,29981589,9641505,0.2433304364537904,21673378,29981589,11.19385101683378,0.5029614340987731,0.4970385659012269,0.9999746947157995,2.5305284200527467e-05,0.74957059012564,32.430929155910036,1.0061548376354298e-230,3754005,-4104.307333545048,0.0,1377,708,0.22705275576045336,0.0,12,0.0,0.0
ETHUSDT,2025-08,us,2025-08-01T00:00:00.216610+00:00,2025-08-31T23:59:59.822559+00:00,2678399.605949,50594678,38397142,12197535,0.24108336058587032,28417010,38397142,14.335852616882116,0.49983128952670486,0.5001687104732951,0.9999999178724949,8.212750512992528e-08,0.7738117796594287,2.090843318860406,0.03654211148427378,4342491,-4794.957868795199,0.0,1176,1950,0.21559435223741819,0.0,12,0.0,0.0
ETHUSDT,2025-09,us,2025-09-01T00:00:00.316508+00:00,2025-09-30T23:59:59.321346+00:00,2591999.004838,28454468,20325494,8128973,0.2856835348318584,14636111,20325494,7.841628782288187,0.5049723268718586,0.49502767312814144,0.9999286603401161,7.133965988392887e-05,0.7219253200090092,44.83428220923742,0.0,2825724,-3254.714118313063,0.0,1486,996,0.22472716967697615,0.0,12,0.0,0.0
ETHUSDT,2025-10,us,2025-10-01T00:00:00.336276+00:00,2025-10-31T23:59:59.896567+00:00,2678399.560291,50227413,35694796,14532616,0.28933634308420386,26205892,35694796,13.326912283439095,0.5066954858069507,0.4933045141930493,0.9998706454521185,0.00012935454788154388,0.7556169680113947,80.00452324578583,0.0,4360820,-4514.4428963209275,0.0,4088,15899,0.2401635203259147,0.0,12,0.0,0.0
ETHUSDT,2025-11,us,2025-11-01T00:00:00.143555+00:00,2025-11-30T23:59:59.227888+00:00,2591999.084333,46950743,33949494,13001248,0.27691250807255596,24430988,33949494,13.097803238127392,0.500728052088199,0.49927194791180096,0.9999984705700454,1.529429954572059e-06,0.8002431913169734,8.484164888547394,2.1727347824664692e-17,3390815,-4662.712631334042,0.0,950,975,0.22667754197378276,0.0,12,0.0,0.0
ETHUSDT,2025-12,us,2025-12-01T00:00:00.089753+00:00,2025-12-31T23:59:59.648734+00:00,2678399.558981,32102715,22593955,9508759,0.2961979695486815,16032167,22593955,8.4356178017726,0.5022464194515746,0.49775358054842544,0.9999854391174876,1.4560882512393292e-05,0.7686048430018481,21.355855634873723,3.4401372810478026e-101,2614014,-3653.417138535101,0.0,1369,994,0.23468736230515397,0.0,12,0.0,0.0
ETHUSDT,2026-01,us,2026-01-01T00:00:01.317428+00:00,2026-01-31T23:59:59.498336+00:00,2678398.180908,28926906,19982419,8944486,0.30920990997101455,14432345,19982419,7.460585637504349,0.49989032859335003,0.50010967140665,0.9999999652950546,3.47049453619519e-08,0.7448582926542601,0.980499643393121,0.32683954557524797,2549175,-3329.6432654345904,0.0,761,930,0.24154700307122168,0.0,12,0.0,0.0
ETHUSDT,2026-02,us,2026-02-01T00:00:00.015509+00:00,2026-02-28T23:59:58.266547+00:00,2419198.251038,46252798,33401512,12851285,0.2778488125194069,22673602,33401512,13.806851912888284,0.5045857205506146,0.49541427944938543,0.9999393227632575,6.0677236742523455e-05,0.7951381429454786,53.00546450084699,0.0,3421061,-4595.42476413278,0.0,1458,841,0.2470571679448248,0.0,12,0.0,0.0
ETHUSDT,2026-03,us,2026-03-01T00:00:00.002784+00:00,2026-03-31T23:59:59.002620+00:00,2678398.999836,33102610,24192429,8910180,0.26916850363158673,17513278,24192429,9.03242160763998,0.5026407228476314,0.4973592771523686,0.9999798788777536,2.0121122246363754e-05,0.816914220053358,25.977213051623117,8.961094468660815e-149,2214584,-4018.058046780797,0.0,821,493,0.21531410829984043,0.0,12,0.0,0.0
SOLUSDT,2025-01,us,2025-01-01T00:00:00.707766+00:00,2025-01-31T23:59:59.556379+00:00,2678398.848613,25165142,12198400,12966741,0.515265957966778,3560006,12198400,4.554362770248688,0.500751082109129,0.49924891789087095,0.9999983722806278,1.6277193721769834e-06,0.23306155891507951,5.246489982394135,1.5502427368702727e-07,4677701,-813.9959002068529,0.0,437,291,0.573184903095314,0.0,11,0.0,0.0
SOLUSDT,2025-02,us,2025-02-01T00:00:00.313946+00:00,2025-02-28T23:59:59.942786+00:00,2419199.62884,16205252,7471089,8734162,0.5389710693792358,1596276,7471089,3.0882482416642767,0.5009022111769783,0.49909778882302164,0.9999976513344571,2.348665542939443e-06,0.27357171163651933,4.932080469101276,8.135838494771879e-07,2713597,-747.7618868063025,0.0,188,792,0.5937520154257947,0.0,11,0.0,0.0
SOLUSDT,2025-03,us,2025-03-01T00:00:00.236730+00:00,2025-03-31T23:59:58.411454+00:00,2678398.174724,13330559,5898534,7432024,0.5575178055173831,1061379,5898534,2.202261805456847,0.5005548836371885,0.4994451163628115,0.9999991116001834,8.883998166009377e-07,0.20487182524827782,2.6952804266108883,0.0070329413646981545,2345043,-497.570476482522,0.0,252,165,0.6283935326280266,0.0,11,0.0,0.0
SOLUSDT,2025-04,us,2025-04-01T00:00:00.108253+00:00,2025-04-30T23:59:57.627497+00:00,2591997.519244,10670171,4520327,6149843,0.5763584294947101,574501,4520327,1.7439549870087956,0.4999116214380066,0.5000883785619934,0.999999977462881,2.2537118948839918e-08,0.09520637941100843,0.37580439335573834,0.7070623214044972,2044982,-202.4193086541381,0.0,148,165,0.6368457845895388,0.0,11,0.0,0.0
SOLUSDT,2025-05,us,2025-05-01T00:00:00.071086+00:00,2025-05-31T23:59:59.851195+00:00,2678399.780109,10291957,4369941,5922015,0.5754022291387343,617280,4369941,1.6315491930865382,0.5001506885333235,0.49984931146667655,0.9999999344813482,6.551865183723748e-08,0.10362925903293142,0.6300107909980281,0.5286875240727341,1958544,-216.63124165147357,0.0,86,264,0.6106929878653662,0.0,11,0.0,0.0
SOLUSDT,2025-06,us,2025-06-01T00:00:00.419087+00:00,2025-06-30T23:59:59.823637+00:00,2591999.40455,7957836,3345743,4612092,0.5795661031466344,357759,3345743,1.29079620702338,0.5002831956907628,0.49971680430923715,0.9999997685922822,2.314077177656415e-07,0.08563930470603262,1.0360075617442353,0.3001986147724147,1529608,-156.64656374110115,0.0,102,44,0.6280963534312081,0.0,10,0.0,0.0
SOLUSDT,2025-07,us,2025-07-01T00:00:00.049881+00:00,2025-07-31T23:59:59.750877+00:00,2678399.700996,10952174,4489702,6462471,0.5900628496223672,565210,4489702,1.6762628812758762,0.4999302849053233,0.5000697150946767,0.9999999859764432,1.4023556760278666e-08,0.011653540727545193,0.29543746975490626,0.7676597132774544,2218691,-24.69305994848505,1.2697889618958822e-134,78,105,0.6054233276378889,0.0,11,0.0,0.0
SOLUSDT,2025-08,us,2025-08-01T00:00:00.598640+00:00,2025-08-31T23:59:59.997318+00:00,2678399.398678,14418380,5826361,8592018,0.5959073072009476,995071,5826361,2.175314481804232,0.5001749805753539,0.499825019424646,0.9999999116545426,8.834545739411226e-08,0.1247614935320829,0.844731191737074,0.39826093999170087,2549728,-301.14788696166613,0.0,111,100,0.6056513716250778,0.0,11,0.0,0.0
SOLUSDT,2025-09,us,2025-09-01T00:00:00.006980+00:00,2025-09-30T23:59:59.068946+00:00,2591999.061966,12559195,4857450,7701744,0.6132354820511984,949663,4857450,1.8740168819026048,0.500102728798032,0.4998972712019681,0.9999999695498839,3.0450116095259716e-08,0.0721104452399539,0.45282080437149835,0.6506777815717573,2253589,-158.92914288883188,0.0,216,172,0.5851527107931895,0.0,11,0.0,0.0
SOLUSDT,2025-10,us,2025-10-01T00:00:00.335910+00:00,2025-10-31T23:59:59.381057+00:00,2678399.045147,15698476,7161534,8536941,0.5438069912009293,1735863,7161534,2.673811437088139,0.49973064430050884,0.5002693556994912,0.9999997906577465,2.0934225353208546e-07,0.2074655459508289,1.4416478686815608,0.14940173709709542,2837881,-555.1997655158953,0.0,296,437,0.5953699259688432,0.0,11,0.0,0.0
SOLUSDT,2025-11,us,2025-11-01T00:00:00.459026+00:00,2025-11-30T23:59:59.805531+00:00,2591999.346505,11697605,4967953,6729651,0.5753016108853052,716816,4967953,1.9166490171761381,0.5008545773279256,0.4991454226720744,0.9999978927916453,2.1072083546958e-06,0.16925041679952296,3.809518628755167,0.00013923761594060224,2063557,-377.24106081815376,0.0,205,161,0.628523045450152,0.0,11,0.0,0.0
SOLUSDT,2025-12,us,2025-12-01T00:00:00.037197+00:00,2025-12-31T23:59:58.978334+00:00,2678398.941137,9098887,3164541,5934345,0.6522055939369288,406573,3164541,1.1815047233615725,0.49991546957362853,0.5000845304263715,0.9999999793827538,2.0617246243581633e-08,-0.02125999114254821,0.3007450019825326,0.7636089498169286,1615910,37.81916350504459,5.5028423914e-313,173,130,0.6305288290653439,0.0,10,0.0,0.0
SOLUSDT,2026-01,us,2026-01-01T00:00:00.629785+00:00,2026-01-31T23:59:59.496291+00:00,2678398.866506,8257608,3064074,5193533,0.6289391552614267,334800,3064074,1.1439946597636959,0.5002973165791688,0.49970268342083124,0.9999997449397301,2.5506026990473885e-07,-0.15158785349625964,1.0408754077655182,0.29793337659290897,1764275,265.34629071985825,0.0,136,42,0.6052434720078166,0.0,10,0.0,0.0
SOLUSDT,2026-02,us,2026-02-01T00:00:00.004197+00:00,2026-02-28T23:59:58.990921+00:00,2419198.986724,8564358,3421590,5142767,0.6004848232640438,310479,3421590,1.4143483106502972,0.5004173498285884,0.4995826501714115,0.9999994974201598,5.02579840189199e-07,0.02760608650178226,1.5439890611326565,0.12259098265217078,1663566,-51.06500312287756,0.0,60,48,0.6668605348859211,0.0,10,0.0,0.0
SOLUSDT,2026-03,us,2026-03-01T00:00:00.004999+00:00,2026-03-31T23:59:58.659385+00:00,2678398.654386,6495127,2340821,4154305,0.6396033518667148,159018,2340821,0.8739628793371738,0.500052759266941,0.499947240733059,0.9999999919684004,8.031599607605244e-09,-0.10870123670157232,0.16144063264504757,0.8717463661514252,1297636,166.3093966610523,0.0,27,55,0.6576737389365421,0.0,10,0.0,0.0
