asset,sub_test,n_admissible_months,n_passed_months,pass_rate,dominant_bracket
BTCUSDT,D_adaptive,15,15,1.0,25K
BTCUSDT,D_k2,15,3,0.2,25K
BTCUSDT,Monobit,15,15,1.0,25K
BTCUSDT,Runs,15,3,0.2,25K
BTCUSDT,ApEn,15,1,0.06666666666666667,25K
BTCUSDT,BlockFrequency,15,10,0.6666666666666666,25K
BTCUSDT,CumSum_forward,15,15,1.0,25K
BTCUSDT,CumSum_backward,15,14,0.9333333333333333,25K
BTCUSDT,LongestRun,15,14,0.9333333333333333,25K
BTCUSDT,DFT,15,15,1.0,25K
BTCUSDT,Serial_m,15,1,0.06666666666666667,25K
BTCUSDT,Serial_m_minus_1,15,14,0.9333333333333333,25K
BTCUSDT,Alphabit_MultinomialBitsOver_L2,15,2,0.13333333333333333,25K
BTCUSDT,Alphabit_MultinomialBitsOver_L4,15,1,0.06666666666666667,25K
BTCUSDT,Alphabit_MultinomialBitsOver_L8,15,14,0.9333333333333333,25K
BTCUSDT,Alphabit_MultinomialBitsOver_L16,1,1,1.0,25K
BTCUSDT,Alphabit_HammingIndep_L16,15,15,1.0,25K
BTCUSDT,Alphabit_HammingIndep_L32,15,15,1.0,25K
BTCUSDT,Alphabit_HammingCorr_L32,15,14,0.9333333333333333,25K
BTCUSDT,Alphabit_RandomWalk1_L64_H,15,15,1.0,25K
BTCUSDT,Alphabit_RandomWalk1_L64_M,15,15,1.0,25K
BTCUSDT,Alphabit_RandomWalk1_L64_J,15,15,1.0,25K
BTCUSDT,Alphabit_RandomWalk1_L64_R,15,15,1.0,25K
BTCUSDT,Alphabit_RandomWalk1_L64_C,15,15,1.0,25K
BTCUSDT,Alphabit_RandomWalk1_L320_H,15,15,1.0,25K
BTCUSDT,Alphabit_RandomWalk1_L320_M,15,15,1.0,25K
BTCUSDT,Alphabit_RandomWalk1_L320_J,15,15,1.0,25K
BTCUSDT,Alphabit_RandomWalk1_L320_R,15,15,1.0,25K
BTCUSDT,Alphabit_RandomWalk1_L320_C,15,15,1.0,25K
ETHUSDT,D_adaptive,11,11,1.0,50K
ETHUSDT,D_k2,11,2,0.18181818181818182,50K
ETHUSDT,Monobit,11,11,1.0,50K
ETHUSDT,Runs,11,2,0.18181818181818182,50K
ETHUSDT,ApEn,11,4,0.36363636363636365,50K
ETHUSDT,BlockFrequency,11,11,1.0,50K
ETHUSDT,CumSum_forward,11,9,0.8181818181818182,50K
ETHUSDT,CumSum_backward,11,10,0.9090909090909091,50K
ETHUSDT,LongestRun,9,9,1.0,50K
ETHUSDT,DFT,11,11,1.0,50K
ETHUSDT,Serial_m,11,2,0.18181818181818182,50K
ETHUSDT,Serial_m_minus_1,11,9,0.8181818181818182,50K
ETHUSDT,Alphabit_MultinomialBitsOver_L2,11,3,0.2727272727272727,50K
ETHUSDT,Alphabit_MultinomialBitsOver_L4,11,2,0.18181818181818182,50K
ETHUSDT,Alphabit_MultinomialBitsOver_L8,11,11,1.0,50K
ETHUSDT,Alphabit_MultinomialBitsOver_L16,1,1,1.0,50K
ETHUSDT,Alphabit_HammingIndep_L16,11,11,1.0,50K
ETHUSDT,Alphabit_HammingIndep_L32,11,11,1.0,50K
ETHUSDT,Alphabit_HammingCorr_L32,11,11,1.0,50K
ETHUSDT,Alphabit_RandomWalk1_L64_H,11,11,1.0,50K
ETHUSDT,Alphabit_RandomWalk1_L64_M,11,11,1.0,50K
ETHUSDT,Alphabit_RandomWalk1_L64_J,11,11,1.0,50K
ETHUSDT,Alphabit_RandomWalk1_L64_R,11,11,1.0,50K
ETHUSDT,Alphabit_RandomWalk1_L64_C,11,11,1.0,50K
ETHUSDT,Alphabit_RandomWalk1_L320_H,9,9,1.0,50K
ETHUSDT,Alphabit_RandomWalk1_L320_M,9,9,1.0,50K
ETHUSDT,Alphabit_RandomWalk1_L320_J,9,9,1.0,50K
ETHUSDT,Alphabit_RandomWalk1_L320_R,9,9,1.0,50K
ETHUSDT,Alphabit_RandomWalk1_L320_C,9,9,1.0,50K
BNBUSDT,D_adaptive,14,14,1.0,10K
BNBUSDT,D_k2,14,9,0.6428571428571429,10K
BNBUSDT,Monobit,14,14,1.0,10K
BNBUSDT,Runs,14,9,0.6428571428571429,10K
BNBUSDT,ApEn,14,7,0.5,10K
BNBUSDT,BlockFrequency,14,13,0.9285714285714286,10K
BNBUSDT,CumSum_forward,14,11,0.7857142857142857,10K
BNBUSDT,CumSum_backward,14,9,0.6428571428571429,10K
BNBUSDT,LongestRun,13,13,1.0,10K
BNBUSDT,DFT,14,14,1.0,10K
BNBUSDT,Serial_m,14,6,0.42857142857142855,10K
BNBUSDT,Serial_m_minus_1,14,13,0.9285714285714286,10K
BNBUSDT,Alphabit_MultinomialBitsOver_L2,14,8,0.5714285714285714,10K
BNBUSDT,Alphabit_MultinomialBitsOver_L4,14,5,0.35714285714285715,10K
BNBUSDT,Alphabit_MultinomialBitsOver_L8,14,14,1.0,10K
BNBUSDT,Alphabit_MultinomialBitsOver_L16,1,1,1.0,10K
BNBUSDT,Alphabit_HammingIndep_L16,14,14,1.0,10K
BNBUSDT,Alphabit_HammingIndep_L32,14,14,1.0,10K
BNBUSDT,Alphabit_HammingCorr_L32,14,13,0.9285714285714286,10K
BNBUSDT,Alphabit_RandomWalk1_L64_H,14,13,0.9285714285714286,10K
BNBUSDT,Alphabit_RandomWalk1_L64_M,14,14,1.0,10K
BNBUSDT,Alphabit_RandomWalk1_L64_J,14,14,1.0,10K
BNBUSDT,Alphabit_RandomWalk1_L64_R,14,14,1.0,10K
BNBUSDT,Alphabit_RandomWalk1_L64_C,14,14,1.0,10K
BNBUSDT,Alphabit_RandomWalk1_L320_H,13,13,1.0,10K
BNBUSDT,Alphabit_RandomWalk1_L320_M,13,13,1.0,10K
BNBUSDT,Alphabit_RandomWalk1_L320_J,13,13,1.0,10K
BNBUSDT,Alphabit_RandomWalk1_L320_R,13,13,1.0,10K
BNBUSDT,Alphabit_RandomWalk1_L320_C,13,13,1.0,10K
SOLUSDT,D_adaptive,15,15,1.0,5K
SOLUSDT,D_k2,15,3,0.2,5K
SOLUSDT,Monobit,15,15,1.0,5K
SOLUSDT,Runs,15,3,0.2,5K
SOLUSDT,ApEn,15,6,0.4,5K
SOLUSDT,BlockFrequency,15,14,0.9333333333333333,5K
SOLUSDT,CumSum_forward,15,12,0.8,5K
SOLUSDT,CumSum_backward,15,14,0.9333333333333333,5K
SOLUSDT,LongestRun,11,11,1.0,5K
SOLUSDT,DFT,15,15,1.0,5K
SOLUSDT,Serial_m,15,1,0.06666666666666667,5K
SOLUSDT,Serial_m_minus_1,15,12,0.8,5K
SOLUSDT,Alphabit_MultinomialBitsOver_L2,15,3,0.2,5K
SOLUSDT,Alphabit_MultinomialBitsOver_L4,15,0,0.0,5K
SOLUSDT,Alphabit_MultinomialBitsOver_L8,15,12,0.8,5K
SOLUSDT,Alphabit_MultinomialBitsOver_L16,4,4,1.0,5K
SOLUSDT,Alphabit_HammingIndep_L16,15,15,1.0,5K
SOLUSDT,Alphabit_HammingIndep_L32,15,15,1.0,5K
SOLUSDT,Alphabit_HammingCorr_L32,15,15,1.0,5K
SOLUSDT,Alphabit_RandomWalk1_L64_H,15,15,1.0,5K
SOLUSDT,Alphabit_RandomWalk1_L64_M,15,15,1.0,5K
SOLUSDT,Alphabit_RandomWalk1_L64_J,15,15,1.0,5K
SOLUSDT,Alphabit_RandomWalk1_L64_R,15,15,1.0,5K
SOLUSDT,Alphabit_RandomWalk1_L64_C,15,15,1.0,5K
SOLUSDT,Alphabit_RandomWalk1_L320_H,11,11,1.0,5K
SOLUSDT,Alphabit_RandomWalk1_L320_M,11,11,1.0,5K
SOLUSDT,Alphabit_RandomWalk1_L320_J,11,11,1.0,5K
SOLUSDT,Alphabit_RandomWalk1_L320_R,11,11,1.0,5K
SOLUSDT,Alphabit_RandomWalk1_L320_C,11,11,1.0,5K
DOGEUSDT,D_adaptive,14,14,1.0,100K
DOGEUSDT,D_k2,14,3,0.21428571428571427,100K
DOGEUSDT,Monobit,14,14,1.0,100K
DOGEUSDT,Runs,14,3,0.21428571428571427,100K
DOGEUSDT,ApEn,14,3,0.21428571428571427,100K
DOGEUSDT,BlockFrequency,14,14,1.0,100K
DOGEUSDT,CumSum_forward,14,12,0.8571428571428571,100K
DOGEUSDT,CumSum_backward,14,12,0.8571428571428571,100K
DOGEUSDT,LongestRun,14,13,0.9285714285714286,100K
DOGEUSDT,DFT,14,14,1.0,100K
DOGEUSDT,Serial_m,14,2,0.14285714285714285,100K
DOGEUSDT,Serial_m_minus_1,14,12,0.8571428571428571,100K
DOGEUSDT,Alphabit_MultinomialBitsOver_L2,14,3,0.21428571428571427,100K
DOGEUSDT,Alphabit_MultinomialBitsOver_L4,14,2,0.14285714285714285,100K
DOGEUSDT,Alphabit_MultinomialBitsOver_L8,14,13,0.9285714285714286,100K
DOGEUSDT,Alphabit_MultinomialBitsOver_L16,5,5,1.0,100K
DOGEUSDT,Alphabit_HammingIndep_L16,14,14,1.0,100K
DOGEUSDT,Alphabit_HammingIndep_L32,14,14,1.0,100K
DOGEUSDT,Alphabit_HammingCorr_L32,14,14,1.0,100K
DOGEUSDT,Alphabit_RandomWalk1_L64_H,14,14,1.0,100K
DOGEUSDT,Alphabit_RandomWalk1_L64_M,14,13,0.9285714285714286,100K
DOGEUSDT,Alphabit_RandomWalk1_L64_J,14,14,1.0,100K
DOGEUSDT,Alphabit_RandomWalk1_L64_R,14,14,1.0,100K
DOGEUSDT,Alphabit_RandomWalk1_L64_C,14,14,1.0,100K
DOGEUSDT,Alphabit_RandomWalk1_L320_H,14,14,1.0,100K
DOGEUSDT,Alphabit_RandomWalk1_L320_M,14,14,1.0,100K
DOGEUSDT,Alphabit_RandomWalk1_L320_J,14,14,1.0,100K
DOGEUSDT,Alphabit_RandomWalk1_L320_R,14,14,1.0,100K
DOGEUSDT,Alphabit_RandomWalk1_L320_C,14,14,1.0,100K
